model,rmse_level,ccc_level,skill_vs_persistence,rmse_change_persistence,coverage_90,n,rmse_change,ccc_change
persistence,0.6933614586442479,0.41226271958668836,0.0,0.6933614586442479,,16200,0.6933614586442479,0.0
gradient boosting (summary stats),0.5095395375830422,0.5123492852734541,0.2651170161961969,0.6933614586442479,,16200,0.5095395375830422,0.6641184111939621
full model (LSTM),0.5017163960934369,0.5221849163864684,0.2763999356490636,0.6933614586442479,0.9095679012345679,16200,0.5017163960934369,0.6464415085025956
6. no previous observation,0.5053866822059572,0.5089961081294724,0.27110646848736575,0.6933614586442479,0.9109876543209876,16200,0.5053866822059572,0.6660506634103477
1. no recurrent decoder,0.5018250638689873,0.530912261482093,0.2762432096381272,0.6933614586442479,0.9038271604938272,16200,0.5018250638689873,0.6506546735789925
2. no learned encoder,0.502330403204683,0.5282683158856469,0.2755143843920804,0.6933614586442479,0.9093827160493827,16200,0.502330403204683,0.6491726445771243
3. GRU in place of LSTM,0.5026703002939102,0.5194506527681896,0.2750241680914919,0.6933614586442479,0.9105555555555556,16200,0.5026703002939102,0.6442826935917351
4. no static embedding,0.5861974685312954,0.25465562365431094,0.15455717761193954,0.6933614586442479,0.8851234567901235,16200,0.5861974685312954,0.6070558356940122
5. lambda = 0 (no penalty),0.5017163960934369,0.5221849163864684,0.2763999356490636,0.6933614586442479,0.9095679012345679,16200,0.5017163960934369,0.6464415085025956
"full model, RANDOM k-fold (optimism reference)",0.4936068002480855,0.5427963607557914,0.28809599366360683,0.6933614586442479,0.9162962962962963,16200,0.4936068002480855,0.660130531966413
