design,quantity,estimate,ci95_low,ci95_high,replicates,share_above_zero
spatial blocking,"summary, fixed",0.25435328251076184,0.22492989283228274,0.2790718543859889,5,
spatial blocking,"summary, tuned",0.24854677086900256,0.21277890908564817,0.27592112826124676,5,
spatial blocking,"timing, fixed",0.2621665617136924,0.23251736730971712,0.2863752026509928,5,
spatial blocking,"timing, tuned",0.25587316875682226,0.22097859593084754,0.2816474014682633,5,
"new places, later survey","summary, fixed",0.1208502702941826,0.07182317016920838,0.16705303136297148,3,
"new places, later survey","summary, tuned",0.13699790718127128,0.09193133586541866,0.17756009892115998,3,
"new places, later survey","timing, fixed",0.13219595165290732,0.09503585420551043,0.16893720863686387,3,
"new places, later survey","timing, tuned",0.13362382428097566,0.09544314225601609,0.1705871905858638,3,
spatial blocking,hybrid,0.24053040910821544,0.21646622541751767,0.26176043683029765,5,
spatial blocking,linear,0.16856612335825105,0.14592439519010794,0.19141272900588685,5,
"new places, later survey",hybrid,0.16950825336792677,0.13004539659933656,0.2078331297534486,3,
"new places, later survey",linear,0.13956511852122586,0.09738438038774697,0.17881382329318793,3,
spatial blocking,"hybrid minus summary, fixed",-0.013822873402546398,-0.030885643088120397,0.0029986531040452455,5,0.0535
spatial blocking,"summary, fixed minus linear",0.08578715915251076,0.061067477475863455,0.11067611213673823,5,1.0
spatial blocking,"hybrid minus summary, tuned",-0.00801636176078715,-0.025747267113546312,0.01149043718944999,5,0.26
spatial blocking,"summary, tuned minus linear",0.07998064751075151,0.05170556438163138,0.10694387090931556,5,1.0
spatial blocking,"hybrid minus timing, fixed",-0.021636152605476976,-0.03896617235234981,-0.006231761188425654,5,0.0005
spatial blocking,"timing, fixed minus linear",0.09360043835544134,0.0687546332684483,0.11889760313893237,5,1.0
spatial blocking,"hybrid minus timing, tuned",-0.015342759648606829,-0.03307669002386057,0.0031463644304565866,5,0.0605
spatial blocking,"timing, tuned minus linear",0.08730704539857119,0.05886655290800898,0.11193914273367055,5,1.0
spatial blocking,"timing, tuned minus summary, fixed",0.0015198862460604312,-0.0064678461139306,0.009894258731546774,5,0.6295
"new places, later survey","hybrid minus summary, fixed",0.04865798307374417,0.01734980477234733,0.08211376007416542,3,0.9985
"new places, later survey","summary, fixed minus linear",-0.01871484822704324,-0.05648882108228911,0.017280050975700723,3,0.178
"new places, later survey","hybrid minus summary, tuned",0.03251034618665549,0.008015222291338654,0.057702901285045065,3,0.995
"new places, later survey","summary, tuned minus linear",-0.0025672113399545595,-0.033412822647507556,0.031159802320061162,3,0.448
"new places, later survey","hybrid minus timing, fixed",0.03731230171501946,0.012740960130531545,0.060624833144946357,3,0.9995
"new places, later survey","timing, fixed minus linear",-0.007369166868318529,-0.03403634959909499,0.02228251883859676,3,0.3015
"new places, later survey","hybrid minus timing, tuned",0.03588442908695111,0.012419589217484303,0.058413044139193564,3,1.0
"new places, later survey","timing, tuned minus linear",-0.005941294240250176,-0.03255691937749728,0.021794235578593505,3,0.3305
"new places, later survey","timing, tuned minus summary, fixed",0.012773553986793066,-0.009613242764700904,0.03673686188610718,3,0.8305
"same points, later survey",hybrid,0.17674682562894317,0.14576348982629164,0.20610284297001974,1,
"same points, later survey","summary, fixed",0.1349703951608393,0.10149081868026379,0.16912111551520712,1,
"same points, later survey","summary, tuned",0.16212389459136234,0.1292877375233863,0.19522847206335087,1,
"same points, later survey","timing, fixed",0.15704646405133493,0.13040100694563497,0.18392958262990622,1,
"same points, later survey","timing, tuned",0.16280398121188244,0.13580211059227032,0.18909366282117862,1,
"same points, later survey","hybrid minus summary, fixed",0.041776430468103865,0.0164902017213086,0.0646771761060836,1,0.999
"same points, later survey","hybrid minus summary, tuned",0.014622931037580833,-0.00807782200639296,0.03409833272129677,1,0.903
"same points, later survey","hybrid minus timing, fixed",0.01970036157760824,0.001523970299021385,0.035825301537960964,1,0.9855
"same points, later survey","hybrid minus timing, tuned",0.013942844417060729,-0.0020065576334398175,0.02846833370188692,1,0.9565
"same points, later survey","timing, tuned minus summary, fixed",0.027833586051043135,0.011582115447101799,0.04285174367777079,1,0.9995
