scheme,quantity,estimate,ci_low,ci_high,share_above_zero
spatial,"gradient boosting, no previous value",0.2502350684540292,0.22871828885376425,0.2722089119608542,
spatial,"gradient boosting, with previous value",0.2586439998494584,0.23818922096620618,0.2785530244200471,
spatial,"hybrid, full",0.2497838055151319,0.22893457490497818,0.27086635872591114,
spatial,"hybrid, no recurrent decoder",0.25822563352792205,0.240209075297457,0.27773256445284855,
spatial,"hybrid, series replaced by zeros",0.2255138191786119,0.20197218184045096,0.24807768459980153,
spatial,"hybrid, full minus gradient boosting, no previous value",-0.00045126293889730107,-0.015447151031821304,0.0185166899926291,0.464
spatial,"hybrid, full minus gradient boosting, with previous value",-0.008860194334326499,-0.023382479289793,0.007647780616522926,0.139
spatial,"hybrid, no recurrent decoder minus hybrid, full",0.008441828012790142,-0.00512889662648047,0.020289420531641775,0.898
spatial,"hybrid, full minus hybrid, series replaced by zeros",0.02426998633652,0.011890260752019044,0.036584059063481535,1.0
temporal,"gradient boosting, no previous value",0.1325940052610599,0.10200720207292739,0.166264049209445,
temporal,"gradient boosting, with previous value",0.1349703951608393,0.10149081868026379,0.16912111551520712,
temporal,"hybrid, full",0.1789180925252314,0.1509377023895057,0.20419541768812516,
temporal,"hybrid, full minus gradient boosting, no previous value",0.046324087264171476,0.019067396374456348,0.06831634297073176,0.9995
temporal,"hybrid, full minus gradient boosting, with previous value",0.04394769736439208,0.017287374634734436,0.06653663278445024,0.9995
