zone,n,points,persistence_rmse,blocks,quantity,estimate,ci_low,ci_high,share_above_zero
Mediterranean (Cs),4283,2170,0.7738843181079632,34.0,hybrid,0.28253828944412884,0.2549571219141763,0.3131488556441725,
Mediterranean (Cs),4283,2170,0.7738843181079632,34.0,boosting,0.2867555381518535,0.2604715575915388,0.31853419931795585,
Mediterranean (Cs),4283,2170,0.7738843181079632,34.0,mean-reversion floor,0.17606988156645054,0.13856775676804783,0.20699792844479697,
Mediterranean (Cs),4283,2170,0.7738843181079632,34.0,hybrid minus boosting,-0.004217248707724663,-0.03237970624055382,0.02122371394499914,0.3765
Mediterranean (Cs),4283,2170,0.7738843181079632,34.0,hybrid minus mean-reversion floor,0.1064684078776783,0.07628085772775298,0.14430887505963416,1.0
Mediterranean (Cs),4283,2170,0.7738843181079632,34.0,boosting minus mean-reversion floor,0.11068565658540297,0.06601944117156922,0.15721330072154258,1.0
"Temperate, no dry season (Cf, Cw)",6769,3413,0.6937170591456547,49.0,hybrid,0.23075459008206334,0.20396695730757852,0.2541806413523493,
"Temperate, no dry season (Cf, Cw)",6769,3413,0.6937170591456547,49.0,boosting,0.2571545294595874,0.23473249481909317,0.27573201107659323,
"Temperate, no dry season (Cf, Cw)",6769,3413,0.6937170591456547,49.0,mean-reversion floor,0.19990749821391673,0.1757785401260078,0.21887304078384845,
"Temperate, no dry season (Cf, Cw)",6769,3413,0.6937170591456547,49.0,hybrid minus boosting,-0.02639993937752405,-0.04290738270346214,-0.011763142240910782,0.0
"Temperate, no dry season (Cf, Cw)",6769,3413,0.6937170591456547,49.0,hybrid minus mean-reversion floor,0.030847091868146603,0.011948889063179261,0.0484879658115008,1.0
"Temperate, no dry season (Cf, Cw)",6769,3413,0.6937170591456547,49.0,boosting minus mean-reversion floor,0.057247031245670654,0.04182438298167139,0.07311485849966243,1.0
Continental and boreal (D),4825,2444,0.7051684954288227,41.0,hybrid,0.20518941139281288,0.1903281291987383,0.2229937546657722,
Continental and boreal (D),4825,2444,0.7051684954288227,41.0,boosting,0.2064641212295184,0.18743958160957522,0.2271635429776243,
Continental and boreal (D),4825,2444,0.7051684954288227,41.0,mean-reversion floor,0.12409349112156254,0.0937631320589269,0.16265771099064585,
Continental and boreal (D),4825,2444,0.7051684954288227,41.0,hybrid minus boosting,-0.0012747098367055232,-0.011880282456093813,0.008051898954682925,0.401
Continental and boreal (D),4825,2444,0.7051684954288227,41.0,hybrid minus mean-reversion floor,0.08109592027125034,0.05056299190428878,0.10640933001132274,1.0
Continental and boreal (D),4825,2444,0.7051684954288227,41.0,boosting minus mean-reversion floor,0.08237063010795587,0.057347281733945044,0.1035809839877786,1.0
Arid and semi-arid (B),585,312,1.080479210452175,10.0,hybrid,0.27190843313209545,0.15904588024992128,0.4413148738408091,
Arid and semi-arid (B),585,312,1.080479210452175,10.0,boosting,0.35869065020317936,0.2931105705698807,0.4624633646609217,
Arid and semi-arid (B),585,312,1.080479210452175,10.0,mean-reversion floor,0.1688680421920099,0.06543754505120496,0.319469958329721,
Arid and semi-arid (B),585,312,1.080479210452175,10.0,hybrid minus boosting,-0.08678221707108391,-0.1362290996490726,-0.011838658338480452,0.0035
Arid and semi-arid (B),585,312,1.080479210452175,10.0,hybrid minus mean-reversion floor,0.10304039094008555,0.08561336324178193,0.15920562630598975,1.0
Arid and semi-arid (B),585,312,1.080479210452175,10.0,boosting minus mean-reversion floor,0.18982260801116946,0.12536304188221514,0.24943847095226973,1.0
Polar (E),0,0,,,,,,,
