soc_level,n,quantity,estimate,ci_low,ci_high,share_above_zero
low,5499,hybrid,0.2999581819250682,0.24159752051800484,0.34220696262058037,
low,5499,boosting,0.30604271509416325,0.2461172209145162,0.3579869545916721,
low,5499,hybrid minus boosting,-0.006084533169095074,-0.030699195126250724,0.020020569120771322,0.314
middle,5475,hybrid,0.1178166829815227,0.09973521425580248,0.13471965091156787,
middle,5475,boosting,0.12109965517665744,0.09913886837408953,0.13986917983775918,
middle,5475,hybrid minus boosting,-0.003282972195134737,-0.01751829797427751,0.011940324186389415,0.339
high,5488,hybrid,0.27394140951697543,0.23848915624657246,0.3041634807962195,
high,5488,boosting,0.288902450178225,0.25774244581771166,0.31477032824285606,
high,5488,hybrid minus boosting,-0.014961040661249592,-0.028286652528899107,-0.0011272708449031068,0.0185
