tag,n_train,n_inner_val,hidden,rnn_hidden,lr,dropout,best_skill,grid_min,grid_max
mineral random fold 0,12346,3086,64,64,0.001,0.2,0.2444212381987012,0.23693344508128578,0.2444212381987012
mineral random fold 1,12346,3086,64,128,0.001,0.1,0.2655087395852874,0.25348472054060667,0.2655087395852874
mineral random fold 2,12347,3086,32,32,0.001,0.2,0.2652378274076247,0.24781655581230788,0.2652378274076247
mineral random fold 3,12347,3086,32,32,0.001,0.1,0.25816049489405923,0.24483804319340774,0.25816049489405923
mineral replicate 1 fold 0,13170,3800,32,32,0.001,0.1,0.22243869978826258,0.19937020389273163,0.22243869978826258
mineral replicate 1 fold 1,13134,3339,64,128,0.001,0.2,0.25065529026660427,0.2368905614088621,0.25065529026660427
mineral replicate 1 fold 2,10720,2928,64,64,0.003,0.2,0.2818428089628424,0.2579384262019785,0.2818428089628424
mineral replicate 1 fold 3,12362,3310,64,64,0.003,0.2,0.24573776075180176,0.19142190618621813,0.24573776075180176
mineral replicate 2 fold 0,11710,3004,32,32,0.003,0.1,0.23712859308362422,0.19632727601638988,0.23712859308362422
mineral replicate 2 fold 1,12877,3232,32,32,0.001,0.2,0.2457465258215663,0.21768627388507522,0.2457465258215663
mineral replicate 2 fold 2,12766,3283,64,64,0.001,0.2,0.25317858179514774,0.22952161368802781,0.25317858179514774
mineral replicate 2 fold 3,12033,3017,64,128,0.001,0.2,0.2937289048920334,0.2670151517462275,0.2937289048920334
mineral replicate 3 fold 0,12778,3693,64,64,0.003,0.2,0.28216535880599436,0.24191066763747227,0.28216535880599436
mineral replicate 3 fold 1,12805,3964,64,64,0.001,0.2,0.28002380887945855,0.24949453086412987,0.28002380887945855
mineral replicate 3 fold 2,11251,3263,32,32,0.001,0.1,0.23796281063455194,0.2150151308670415,0.23796281063455194
mineral replicate 3 fold 3,12552,3405,32,32,0.001,0.1,0.22885769731990502,0.17467634266613463,0.22885769731990502
mineral replicate 4 fold 0,12505,3275,64,128,0.001,0.2,0.26798090233136374,0.21977408630006,0.26798090233136374
mineral replicate 4 fold 1,11807,3351,32,32,0.001,0.2,0.25649849159424454,0.2412819199524665,0.25649849159424454
mineral replicate 4 fold 2,12600,3176,32,32,0.003,0.2,0.28428177202476634,0.2399258226074944,0.28428177202476634
mineral replicate 4 fold 3,12474,3579,64,128,0.003,0.2,0.2654080207733821,0.2311333678240547,0.2654080207733821
mineral spatial fold 0,12363,3285,64,64,0.003,0.2,0.26344323877106735,0.2379105769197144,0.26344323877106735
mineral spatial fold 1,13573,3547,32,32,0.001,0.2,0.25269666306035454,0.2216001488079865,0.25269666306035454
mineral spatial fold 2,10889,2754,32,32,0.003,0.1,0.25145371282963946,0.22102242529167715,0.25145371282963946
mineral spatial fold 3,12561,3187,64,64,0.001,0.1,0.25263342444827086,0.21633433460971863,0.25263342444827086
mineral temporal fold 0,8266,2080,64,128,0.003,0.2,0.29773801704504843,0.26473190836939686,0.29773801704504843
organic random fold 0,182,45,32,32,0.003,0.1,0.4118739941239514,0.3834390768268029,0.4118739941239514
organic random fold 1,183,45,64,128,0.001,0.1,0.5278966657673312,0.5005680064338704,0.5278966657673312
organic random fold 2,183,45,64,64,0.003,0.1,0.4378291002951076,0.3551101704315698,0.4378291002951076
organic spatial fold 0,187,50,64,128,0.001,0.1,0.34881161396863947,0.31189788416715847,0.34881161396863947
organic spatial fold 1,195,51,64,64,0.003,0.1,0.3763033486239702,0.1178914229682283,0.3763033486239702
organic spatial fold 2,166,42,64,128,0.003,0.1,0.37306661152524256,0.23534844079589534,0.37306661152524256
