design,quantity,estimate,ci95_low,ci95_high
all targets,r,-0.4076820953830738,-0.4690720187927483,-0.3550907334876406
all targets,var_e,0.18942100125188915,0.160509227104226,0.2236897793663262
all targets,mse_persistence,0.5409339070320129,0.49077683985233306,0.6013228133320808
all targets,ceiling,0.408244965485799,0.34683129611705255,0.4709908364868319
2015 targets,r,-0.4076820953830738,-0.4690720187927483,-0.3550907334876406
2015 targets,var_e,0.18942100125188915,0.160509227104226,0.2236897793663262
2015 targets,mse_persistence,0.6415331363677979,0.532644422352314,0.7745075613260268
2015 targets,ceiling,0.4566189142251714,0.3690775701856502,0.5324192913736318
2018 targets,r,-0.4076820953830738,-0.4690720187927483,-0.3550907334876406
2018 targets,var_e,0.18942100125188915,0.160509227104226,0.2236897793663262
2018 targets,mse_persistence,0.439475417137146,0.388845831155777,0.4984385557472706
2018 targets,ceiling,0.3434817995036159,0.3028315060834007,0.3906251473524338
all targets,"share of attainable, hybrid",0.6512604206423891,,
all targets,"share of attainable, boosting",0.6832767340172495,,
all targets,"share of attainable, linear",0.47507751103944706,,
