quantity,estimate,ci95_low,ci95_high,ci90_low,ci90_high,replicates,equivalent_at_0.02,share_above_zero
hybrid,0.24053040910821544,0.21649824582418176,0.26152616751869606,0.2206971738455545,0.25864330201957775,5,,
boosting,0.25435328251076184,0.22444235357385478,0.2794353889219022,0.22850979660720158,0.27653883155652653,5,,
linear,0.16856612335825105,0.14522532530595333,0.19073374890863254,0.1500217837495079,0.18733997850158984,5,,
hybrid minus boosting,-0.013822873402546398,-0.031059588407219254,0.0029274196082767667,-0.028248327363657254,0.000500876558297479,5,False,0.0605
hybrid minus linear,0.07196428574996436,0.053330660925485725,0.08940216610318248,0.05580852431474681,0.08694969237502649,5,False,1.0
boosting minus linear,0.08578715915251076,0.06154835517993358,0.10956312316075728,0.06418265825570704,0.10661964656722162,5,False,1.0
no decoder minus hybrid,0.008960503459551164,-0.0034784019346242646,0.01909295913204441,-0.0018928514465512412,0.017604241107846235,3,True,0.9075
spatiotemporal hybrid,0.16950825336792677,0.13128450561056873,0.20899447865716803,0.13830066641938193,0.20177603746356929,3,,
spatiotemporal boosting,0.1208502702941826,0.07438828972087302,0.16804851979180113,0.08182330020170614,0.1619050123383991,3,,
spatiotemporal linear,0.13956511852122586,0.09752369989611948,0.17868791117832666,0.10560540089411866,0.1721380799350682,3,,
spatiotemporal hybrid minus boosting,0.04865798307374417,0.016866291944542474,0.08248262041477619,0.021317268510642307,0.07720918927977724,3,False,0.9995
spatiotemporal hybrid minus linear,0.02994313484670093,-0.005909887403742383,0.060876253360754536,-0.0003454159595716925,0.05711458798293905,3,False,0.948
